check uri	status	link provided if needs reviewed	comments
- 007:00: /organization/us-department-defense	added	https://data-stage.globalchange.gov/organization/dod-office-under-secretary-defense-for-acquisition-technology-logistics	
  _check_uri: /organization/us-department-defense			
  _name: Acquisition Technology and Logistics			
  _uri: ~			
  acquisition-technology-logistics: ~			
- 009:33: /organization/us-department-health-human-services-agency-healthcare-research-quality	updated	https://data-stage.globalchange.gov/organization/us-department-health-human-services-agency-healthcare-research-quality	
  _check_uri: /organization/us-department-health-human-services-agency-healthcare-research-quality			
  _name: Agency for Healthcare Research and Quality			
  _uri: /organization/us-department-health-human-services-agency-healthcare-research-quality			
  agency-healthcare-research-quality: ~			
- 009:33: /organization/us-department-health-human-services-agency-healthcare-research-quality	updated	https://data-stage.globalchange.gov/organization/us-department-health-human-services-agency-healthcare-research-quality	
  _check_uri: /organization/us-department-health-human-services			
  _name: Agency for Healthcare Research and Quality, Department of Health & Human Services			
  _uri: /organization/us-department-health-human-services-agency-healthcare-research-quality			
  agency-healthcare-research-quality: ~			
  agency-healthcare-research-quality-us-department-health-human-services: ~			
  us-department-health-human-services: /organization/us-department-health-human-services			
  us-department-health-human-services-agency-healthcare-research-quality: /organization/us-department-health-human-services-agency-healthcare-research-quality			
- 005:45: /organization/us-department-agriculture-agricultural-marketing-service	updated	https://data-stage.globalchange.gov/organization/us-department-agriculture-agricultural-marketing-service	
  _check_uri: /organization/us-department-agriculture			
  _name: Agricultural Marketing Service, Department of Agriculture			
  _uri: /organization/us-department-agriculture-agricultural-marketing-service			
  agricultural-marketing-service: ~			
  agricultural-marketing-service-us-department-agriculture: ~			
  us-department-agriculture: /organization/us-department-agriculture			
  us-department-agriculture-agricultural-marketing-service: /organization/us-department-agriculture-agricultural-marketing-service			
- 005:18: /organization/agricultural-research-service	ok	https://data-stage.globalchange.gov/organization/agricultural-research-service	
  _name: Agricultural Research Service			
  _uri: /organization/agricultural-research-service			
  agricultural-research-service: /organization/agricultural-research-service			
- 005:18: /organization/agricultural-research-service	updated	https://data-stage.globalchange.gov/organization/agricultural-research-service	
  _check_uri: /organization/agricultural-research-service			
  _name: Agricultural Research Service, Department of Agriculture			
  _uri: /organization/agricultural-research-service			
  agricultural-research-service: /organization/agricultural-research-service			
  agricultural-research-service-us-department-agriculture: ~			
  us-department-agriculture: /organization/us-department-agriculture			
  us-department-agriculture-agricultural-research-service: ~			
- _check_uri: /organization/us-department-agriculture	updated	https://data-stage.globalchange.gov/organization/agricultural-research-service	
  _name: Agricultural Research Service, U.S. Department of Agriculture			
  _uri: us-department-agriculture-agricultural-research-service			
  agricultural-research-service: /organization/agricultural-research-service			
  agricultural-research-service-us-department-agriculture: ~			
  us-department-agriculture: /organization/us-department-agriculture			
  us-department-agriculture-agricultural-research-service: ~			
- 005:32: /organization/us-department-agriculture-food-safety-inspection-service	ok	https://data-stage.globalchange.gov/organization/us-states-department-agriculture-animal-plant-health-inspection-service	
  _check_uri: /organization/us-department-agriculture-food-safety-inspection-service			
  _name: Animal and Plant Health Inspection Service			
  _uri: /organization/us-department-agriculture-food-safety-inspection-service			
  animal-plant-health-inspection-service: ~			
- 005:32: /organization/us-department-agriculture-food-safety-inspection-service	updated	https://data-stage.globalchange.gov/organization/us-states-department-agriculture-animal-plant-health-inspection-service	
  _check_uri: /organization/us-department-agriculture			
  _name: Animal and Plant Health Inspection Service, Department of Agriculture			
  _uri: /organization/us-department-agriculture-food-safety-inspection-service			
  animal-plant-health-inspection-service: ~			
  animal-plant-health-inspection-service-us-department-agriculture: ~			
  us-department-agriculture: /organization/us-department-agriculture			
  us-department-agriculture-animal-plant-health-inspection-service: ~			
- _name: Arctic Landscape Conservation Cooperative	added	https://data-stage.globalchange.gov/organization/arctic-landscape-conservation-cooperative	
  _uri: ~			
  arctic-landscape-conservation-cooperative: ~			
- 019:20: /organization/us-department-energy-energy-incentive-programs	updated	https://data-stage.globalchange.gov/organization/argonne-national-laboratory	
  _check_uri: /organization/argonne-national-laboratory			
  _name: Argonne National Laboratory	ok	https://data-stage.globalchange.gov/organization/argonne-national-laboratory	
  _uri: /organization/us-department-energy-energy-incentive-programs			
  argonne-national-laboratory: /organization/argonne-national-laboratory			
- _name: CH2MHILL Polar Services	added	https://data-stage.globalchange.gov/organization/ch2mhill-polar-services	
  _uri: ~			
  ch2mhill-polar-services: ~			
- _check_uri: /organization/university-wisconsin-madison	ok	https://data-stage.globalchange.gov/organization/university-wisconsin-madison-center-climatic-research	
  _name: Center for Climatic Research, University of Wisconsin-Madison			
  _uri: ~			
  center-climatic-research: ~			
  center-climatic-research-university-wisconsin-madison: ~			
  university-wisconsin-madison: /organization/university-wisconsin-madison			
  university-wisconsin-madison-center-climatic-research: ~			
- 009:20: /organization/centers-disease-control-and-prevention	ok	https://data-stage.globalchange.gov/organization/centers-disease-control-and-prevention	
  _check_uri: /organization/centers-disease-control-and-prevention			
  _name: Centers for Disease Control and Prevention			
  _uri: /organization/centers-disease-control-and-prevention			
  centers-disease-control-prevention: ~			
- 009:20: /organization/centers-disease-control-and-prevention	ok	https://data-stage.globalchange.gov/organization/centers-disease-control-and-prevention	
  _check_uri: /organization/us-department-health-human-services			
  _name: Centers for Disease Control and Prevention, Department of Health & Human Services			
  _uri: /organization/centers-disease-control-and-prevention			
  centers-disease-control-prevention: ~			
  centers-disease-control-prevention-us-department-health-human-services: ~			
  us-department-health-human-services: /organization/us-department-health-human-services			
  us-department-health-human-services-centers-disease-control-prevention: ~			
- 009:38: /organization/us-department-health-human-services-centers-medicare-medicaid-services	ok	https://data-stage.globalchange.gov/organization/us-department-health-human-services-centers-medicare-medicaid-services	
  _check_uri: /organization/us-department-health-human-services-centers-medicare-medicaid-services			
  _name: Centers for Medicare & Medicaid Services			
  _uri: /organization/us-department-health-human-services-centers-medicare-medicaid-services			
  centers-medicare-medicaid-services: ~			
- _check_uri: /organization/santa-clara-university	ok	https://data-stage.globalchange.gov/organization/santa-clara-university-department-civil-engineering	
  _name: Civil Engineering Department - Santa Clara University			
  _uri: ~			
  civil-engineering-department: ~			
  civil-engineering-department-santa-clara-university: ~			
  santa-clara-university: /organization/santa-clara-university			
  santa-clara-university-civil-engineering-department: ~			
- _check_uri: /organization/university-washington	ok	https://data-stage.globalchange.gov/organization/university-washington-climate-impacts-group	
  _name: Climate Impacts Group, University of Washington, College of the Environment			
  _uri: /organization/university-washington-college-environment			
  climate-impacts-group: ~			
  college-the-environment: ~			
  university-washington: /organization/university-washington			
- _check_uri: /organization/climate-prediction-center	ok	https://data-stage.globalchange.gov/organization/climate-prediction-center	
  _name: Climate Prediction Center, NOAA			
  _uri: /organization/climate-prediction-center			
  climate-prediction-center: /organization/climate-prediction-center			
  climate-prediction-center-noaa: ~			
  noaa: /organization/national-oceanic-atmospheric-administration			
  noaa-climate-prediction-center: ~			
- _check_uri: /organization/national-climatic-data-center	updated	http://data-stage.globalchange.gov/organization/national-climatic-data-center	
  _name: DOC/NOAA/NESDIS/NCDC > National Climatic Data Center, NESDIS, NOAA, U.S. Department of Commerce			
  _uri: /organization/national-climatic-data-center			
  doc: /organization/us-department-commerce			
  national-climatic-data-center: /organization/national-climatic-data-center			
  ncdc: ~			
  nesdis: ~			
  noaa: /organization/national-oceanic-atmospheric-administration			
  us-department-commerce: /organization/us-department-commerce			
- _check_uri: /organization/us-department-commerce	ok	http://data-stage.globalchange.gov/organization/national-geophysical-data-center	
  _name: DOC/NOAA/NESDIS/NGDC > National Geophysical Data Center			
  _uri: ~			
  doc: /organization/us-department-commerce			
  national-geophysical-data-center: ~			
  nesdis: ~			
  ngdc: ~			
  noaa: /organization/national-oceanic-atmospheric-administration			
- _check_uri: /organization/national-oceanic-atmospheric-administration	ok	http://data-stage.globalchange.gov/organization/national-geophysical-data-center	
  _name: DOC/NOAA/NESDIS/NGDC > National Geophysical Data Center, NESDIS, NOAA, U.S. Department of Commerce			
  _uri: ~			
  doc: /organization/us-department-commerce			
  national-geophysical-data-center: ~			
  nesdis: ~			
  ngdc: ~			
  noaa: /organization/national-oceanic-atmospheric-administration			
  us-department-commerce: /organization/us-department-commerce			
- 019:20: /organization/us-department-energy-energy-incentive-programs	ok	http://data-stage.globalchange.gov/organization/us-department-energy-energy-incentive-programs	
  _check_uri: /organization/us-department-energy-energy-incentive-programs			
  _uri: /organization/us-department-energy-energy-incentive-programs			
  doe-electricity-delivery-energy-reliability: ~			
- _check_uri: /organization/us-department-commerce	ok	http://data-stage.globalchange.gov/organization/national-marine-protected-areas-center	
  _name: Department of Commerce (DOC), National Oceanic and Atmospheric Administration (NOAA), Ocean and Coastal Resource Management (OCRM), National Marine Protected Areas Center (MPAC)			
  _uri: ~			
  doc: /organization/us-department-commerce			
  mpac: ~			
  national-marine-protected-areas-center: ~			
  national-oceanic-atmospheric-administration: /organization/national-oceanic-atmospheric-administration			
  noaa: /organization/national-oceanic-atmospheric-administration			
  ocean-coastal-resource-management: ~			
  ocrm: ~			
  us-department-commerce: /organization/us-department-commerce			
- 005:13: /organization/economic-research-service	updated	http://data-stage.globalchange.gov/organization/economic-research-service	
  _check_uri: /organization/us-department-agriculture			
  _name: Economic Research Service, Department of Agriculture			
  _uri: /organization/economic-research-service			
  economic-research-service: /organization/economic-research-service			
  economic-research-service-us-department-agriculture: ~			
  us-department-agriculture: /organization/us-department-agriculture			
  us-department-agriculture-economic-research-service: ~			
- 005:13: /organization/economic-research-service	updated	http://data-stage.globalchange.gov/organization/economic-research-service	
  _check_uri: /organization/us-department-agriculture			
  _name: Economic Research Service, U.S. Department of Agriculture			
  _uri: /organization/economic-research-service			
  economic-research-service: /organization/economic-research-service			
  economic-research-service-us-department-agriculture: ~			
  us-department-agriculture: /organization/us-department-agriculture			
  us-department-agriculture-economic-research-service: ~			
- 005:13: /organization/economic-research-service	updated	http://data-stage.globalchange.gov/organization/economic-research-service	
  _check_uri: /organization/us-department-agriculture			
  _name: Economic Research Service, US Department of Agriculture			
  _uri: /organization/economic-research-service			
  economic-research-service: /organization/economic-research-service			
  economic-research-service-us-department-agriculture: ~			
  us-department-agriculture: /organization/us-department-agriculture			
  us-department-agriculture-economic-research-service: ~			
- _name: Environmental Protection Agency	ok	http://data-stage.globalchange.gov/organization/us-environmental-protection-agency	
  _uri: /organization/us-environmental-protection-agency			
  environmental-protection-agency: ~			
- _name: FHWA	ok	http://data-stage.globalchange.gov/organization/federal-highway-administration	
  _uri: /organization/federal-highway-administration			
  fhwa: /organization/federal-highway-administration			
- 005:49: /organization/us-department-agriculture-farm-service-agency	updated	http://data-stage.globalchange.gov/organization/us-department-agriculture-farm-service-agency	
  _check_uri: /organization/us-department-agriculture			
  _name: Farm Service Agency, Department of Agriculture			
  _uri: /organization/us-department-agriculture-farm-service-agency			
  farm-service-agency: ~			
  farm-service-agency-us-department-agriculture: ~			
  us-department-agriculture: /organization/us-department-agriculture			
  us-department-agriculture-farm-service-agency: /organization/us-department-agriculture-farm-service-agency			
- _check_uri: /organization/federal-aviation-administration	ok	http://data-stage.globalchange.gov/organization/federal-aviation-administration	
  _name: Federal Aviation Administration (Aeronautical Information Services, ATA-100)			
  _uri: /organization/federal-aviation-administration			
  aeronautical-information-services: ~			
  ata-100: ~			
  federal-aviation-administration: /organization/federal-aviation-administration			
- _name: Federal Emergency Management Agency	ok	http://data-stage.globalchange.gov/organization/federal-emergency-management-agency	
  _uri: /organization/federal-emergency-management-agency			
  federal-emergency-management-agency: /organization/federal-emergency-management-agency			
- _check_uri: /organization/federal-highway-administration	ok	http://data-stage.globalchange.gov/organization/federal-highway-administration	
  _name: Federal Highway Adimnistration (FHWA)			
  _uri: /organization/federal-highway-administration			
  federal-highway-adimnistration: ~			
  federal-highway-adimnistration-fhwa: ~			
  fhwa: /organization/federal-highway-administration			
  fhwa-federal-highway-adimnistration: ~			
- 021:15: /organization/federal-highway-administration	ok	http://data-stage.globalchange.gov/organization/federal-highway-administration	
  _name: Federal Highway Administration			
  _uri: /organization/federal-highway-administration			
  federal-highway-administration: /organization/federal-highway-administration			
- _check_uri: /organization/federal-highway-administration	ok	http://data-stage.globalchange.gov/organization/federal-highway-administration	
  _name: Federal Highway Administration (FHWA)			
  _uri: /organization/federal-highway-administration			
  federal-highway-administration: /organization/federal-highway-administration			
  federal-highway-administration-fhwa: ~			
  fhwa: /organization/federal-highway-administration			
  fhwa-federal-highway-administration: ~			
- _name: Federal Railroad Administration (FRA)	updated	http://data-stage.globalchange.gov/organization/federal-railroad-administration	
  _uri: ~			
  federal-railroad-administration: ~			
  federal-railroad-administration-fra: ~			
  fra: ~			
  fra-federal-railroad-administration: ~			
- 021:36: /organization/federal-transit-administration	ok	http://data-stage.globalchange.gov/organization/federal-transit-administration	
  _name: Federal Transit Administration			
  _uri: /organization/federal-transit-administration			
  federal-transit-administration: /organization/federal-transit-administration			
- 005:84: /organization/food-nutrition-service	ok	http://data-stage.globalchange.gov/organization/food-nutrition-service	
  _name: Food and Nutrition Service			
  _uri: /organization/food-nutrition-service			
  food-nutrition-service: /organization/food-nutrition-service			
- 005:84: /organization/food-nutrition-service	updated	http://data-stage.globalchange.gov/organization/food-nutrition-service	
  _check_uri: /organization/us-department-agriculture			
  _name: Food and Nutrition Service, Department of Agriculture			
  _uri: /organization/food-nutrition-service			
  food-nutrition-service: /organization/food-nutrition-service			
  food-nutrition-service-us-department-agriculture: ~			
  us-department-agriculture: /organization/us-department-agriculture			
  us-department-agriculture-food-nutrition-service: ~			
- 005:68: /organization/us-department-agriculture-foreign-agricultural-service	updated	http://data-stage.globalchange.gov/organization/us-department-agriculture-foreign-agricultural-service	
  _check_uri: /organization/us-department-agriculture			
  _name: Foreign Agricultural Service, Department of Agriculture			
  _uri: /organization/us-department-agriculture-foreign-agricultural-service			
  foreign-agricultural-service: ~			
  foreign-agricultural-service-us-department-agriculture: ~			
  us-department-agriculture: /organization/us-department-agriculture			
  us-department-agriculture-foreign-agricultural-service: /organization/us-department-agriculture-foreign-agricultural-service			
- _name: Georgia Tech	updated	http://data-stage.globalchange.gov/organization/georgia-institute-technology	
  _uri: /organization/georgia-institute-technology			
  georgia-tech: ~			
- _check_uri: /organization/natural-resources-canada	updated	http://data-stage.globalchange.gov/organization/natural-resources-canada	
  _name: Government of Canada, Natural Resources Canada, Canada Centre for Remote Sensing, The Atlas of Canada			
  _uri: ~			
  canada-centre-remote-sensing: ~			
  government-canada: ~			
  natural-resources-canada: /organization/natural-resources-canada			
  the-atlas-canada: ~			
- _check_uri: /organization/us-department-commerce	updated	http://data-stage.globalchange.gov/organization/geography-division	
  _name: Hazardous Material Routes:U.S. Department of Transportation Volpe NTSC TIGER/Line:U.S. Department of Commerce, U.S. Census Bureau, Geography Division			
  _uri: ~			
  geography-division: ~			
  hazardous-material-routes: ~			
  line: ~			
  us-census-bureau: /organization/us-census-bureau			
  us-department-commerce: /organization/us-department-commerce			
  us-department-transportation-volpe-ntsc-tiger: ~			
- _name: Hazards and Vulnerability Research Institute	ok	http://data-stage.globalchange.gov/organization/university-south-carolina-hazards-vulnerability-research-institute	
  _uri: ~			
  hazards-vulnerability-research-institute: ~			
- 009:15: /organization/us-department-health-human-services-health-resources-services-administration			
  _check_uri: /organization/us-department-health-human-services-health-resources-services-administration			
  _name: Health Resources and Services Administration	ok	http://data-stage.globalchange.gov/organization/health-resources-services-administration	
  _uri: ~			
  health-resources-services-administration: ~			
- _name: NASA GSFC	updated	https://data-stage.globalchange.gov/organization/goddard-space-flight-center	
  _uri: /organization/goddard-space-flight-center			
  nasa-gsfc: ~			
- _name: NOAA Climate Data Record Program (CDRP)	updated	http://data-stage.globalchange.gov/organization/climate-data-record-program	
  _uri: /organization/climate-data-record-program			
  cdrp: ~			
  cdrp-noaa-climate-data-record-program: ~			
  noaa-climate-data-record-program: ~			
  noaa-climate-data-record-program-cdrp: ~			
- _name: NOAA Fisheries Headquarters	ok	https://data-stage.globalchange.gov/organization/national-oceanic-atmospheric-administration-national-marine-fisheries-service	
  _uri: /organization/national-oceanic-atmospheric-administration-national-marine-fisheries-service			
  noaa-fisheries-headquarters: ~			
- _name: NOAA Office for Coastal Management	updated	https://data-stage.globalchange.gov/organization/noaa-office-coastal-management	
  _uri: /organization/national-oceanic-atmospheric-administration-office-ocean-coastal-resource-management			
  noaa-office-coastal-management: ~			
- _check_uri: /organization/national-oceanic-atmospheric-administration	updated	https://data-stage.globalchange.gov/organization/national-oceanic-atmospheric-administration-great-lakes-environmental-research-laboratory	
  _name: NOAA/Great Lakes Environmental Research Laboratory			
  _uri: ~			
  great-lakes-environmental-research-laboratory: ~			
  great-lakes-environmental-research-laboratory-noaa: ~			
  noaa: /organization/national-oceanic-atmospheric-administration			
  noaa-great-lakes-environmental-research-laboratory: ~			
- _check_uri: /organization/national-oceanic-atmospheric-administration			
  _name: NOAA/NESDIS/NODC/NCDDC-National Coastal Data Development Center	updated	https://data-stage.globalchange.gov/organization/noaa-national-coastal-data-development-center	
  _uri: ~			
  ncddc-national-coastal-data-development-center: ~			
  nesdis: ~			
  noaa: /organization/national-oceanic-atmospheric-administration			
  nodc: ~			
- _check_uri: /organization/national-oceanic-atmospheric-administration	appear to be part of the NOAA FIsheries, but cannot determine what brtanch/program this is referring to		
  _name: NOAA/NMFS/OHC/HPD			
  _uri: ~			
  hpd: ~			
  nmfs: ~			
  noaa: /organization/national-oceanic-atmospheric-administration			
  ohc: ~			
- 005:53: /organization/natural-resources-conservation-service	ok	https://data-stage.globalchange.gov/organization/natural-resources-conservation-service	
  _name: NRCS			
  _uri: /organization/natural-resources-conservation-service			
  nrcs: /organization/natural-resources-conservation-service			
- 026:00: /organization/national-aeronautics-space-administration	ok	https://data-stage.globalchange.gov/organization/national-aeronautics-space-administration	
  _name: National Aeronautics and Space Administration			
  _uri: /organization/national-aeronautics-space-administration			
  national-aeronautics-space-administration: /organization/national-aeronautics-space-administration			
- 005:15: /organization/national-agricultural-statistics-service	ok	http://data-stage.globalchange.gov/organization/national-agricultural-statistics-service	
  _check_uri: /organization/us-department-agriculture			
  _name: National Agricultural Statistics Service, Department of Agriculture			
  _uri: /organization/national-agricultural-statistics-service			
  national-agricultural-statistics-service: /organization/national-agricultural-statistics-service			
  national-agricultural-statistics-service-us-department-agriculture: ~			
  us-department-agriculture: /organization/us-department-agriculture			
  us-department-agriculture-national-agricultural-statistics-service: ~			
- _name: National Atlas of the United States	updated	https://data-stage.globalchange.gov/organization/usgs-national-map	
  _uri: ~			
  national-atlas-the-united-states: ~			
- _check_uri: /organization/national-oceanic-atmospheric-administration	updated	https://data-stage.globalchange.gov/organization/noaa-center-operational-oceanographic-products-services	
  _name: National Oceanic and Atmospheric Administration (NOAA), National Ocean Service (NOS), Center for Operational Oceanographic Products and Services (CO-OPS)			
  _uri: /organization/national-ocean-service			
  center-operational-oceanographic-products-services: ~			
  co-ops: ~			
  national-ocean-service: /organization/national-ocean-service			
  national-oceanic-atmospheric-administration: /organization/national-oceanic-atmospheric-administration			
  noaa: /organization/national-oceanic-atmospheric-administration			
  nos: ~			
- _check_uri: /organization/national-oceanic-atmospheric-administration	updated	https://data-stage.globalchange.gov/organization/noaa-office-coastal-management	
  _name: National Oceanic and Atmospheric Administration (NOAA), National Ocean Service (NOS), Office of Coast Survey (OCS)			
  _uri: ~			
  national-ocean-service: /organization/national-ocean-service			
  national-oceanic-atmospheric-administration: /organization/national-oceanic-atmospheric-administration			
  noaa: /organization/national-oceanic-atmospheric-administration			
  nos: ~			
  ocs: ~			
  office-coast-survey: ~			
- _check_uri: /organization/national-ocean-service	updated	https://data-stage.globalchange.gov/organization/noaa-emergency-response-division	
  _name: National Oceanic and Atmospheric Administration (NOAA), National Ocean Service (NOS), Office of Response and Restoration (ORR), Emergency Response Division (ERD)		https://data-stage.globalchange.gov/organization/form/update_rel/noaa-assessment-restoration-division	
  _uri: ~		https://data-stage.globalchange.gov/organization/noaa-marine-debris-division	
  emergency-response-division: ~			
  erd: ~			
  national-ocean-service: /organization/national-ocean-service			
  national-oceanic-atmospheric-administration: /organization/national-oceanic-atmospheric-administration			
  noaa: /organization/national-oceanic-atmospheric-administration			
  nos: ~			
  office-response-restoration: ~			
  orr: ~			
- _check_uri: /organization/national-oceanic-atmospheric-administration	website no longer exists, see http://specialprojects.nos.noaa.gov/		
  _name: National Oceanic and Atmospheric Administration (NOAA), National Ocean Service (NOS), Special Projects (SP)			
  _uri: ~			
  national-ocean-service: /organization/national-ocean-service			
  national-oceanic-atmospheric-administration: /organization/national-oceanic-atmospheric-administration			
  noaa: /organization/national-oceanic-atmospheric-administration			
  nos: ~			
  sp: ~			
  special-projects: ~			
- _check_uri: /organization/national-ocean-service	updated	https://data-stage.globalchange.gov/organization/noaa-center-coastal-environmental-health-biomolecular-research	
  _name: National Oceanic and Atmospheric Administration, National Ocean Service, National Centers for Coastal and Ocean Science, Center for Coastal Montioring and Assessment (CCMA)		https://data-stage.globalchange.gov/organization/noaa-center-coastal-fisheries-habitat-research	
  _uri: ~		https://data-stage.globalchange.gov/organization/noaa-center-coastal-monitoring-assessment	
  ccma: ~		https://data-stage.globalchange.gov/organization/noaa-center-sponsored-coastal-ocean-research	
  center-coastal-montioring-assessment: ~		https://data-stage.globalchange.gov/organization/noaa-cooperative-oxd-laboratory	
  national-centers-coastal-ocean-science: /organization/national-centers-coastal-ocean-science		https://data-stage.globalchange.gov/organization/noaa-hollings-marine-laboratory	
  national-ocean-service: /organization/national-ocean-service			
  national-oceanic-atmospheric-administration: /organization/national-oceanic-atmospheric-administration			
- 019:20: /organization/us-department-energy-energy-incentive-programs	ok	https://data-stage.globalchange.gov/organization/national-renewable-energy-laboratory	
  _check_uri: /organization/national-renewable-energy-laboratory			
  _name: National Renewable Energy Laboratory (NREL)			
  _uri: /organization/national-renewable-energy-laboratory			
  national-renewable-energy-laboratory: /organization/national-renewable-energy-laboratory			
  national-renewable-energy-laboratory-nrel: ~			
  nrel: ~			
  nrel-national-renewable-energy-laboratory: ~			
- _check_uri: /organization/us-geological-survey	updated	http://data-stage.globalchange.gov/organization/us-geological-survey-national-water-quality-assessment-program	
  _name: National Water-Quality Assessment Program, U.S. Geological Survey			
  _uri: ~			
  national-water-quality-assessment-program: ~			
  national-water-quality-assessment-program-us-geological-survey: ~			
  us-geological-survey: /organization/us-geological-survey			
  us-geological-survey-national-water-quality-assessment-program: ~			
- _check_uri: /organization/national-weather-service	updated	https://data-stage.globalchange.gov/organization/noaa-office-science-technology-integration	
  _name: National Weather Service/OST			
  _uri: ~			
  national-weather-service: /organization/national-weather-service			
  national-weather-service-ost: ~			
  ost: ~			
  ost-national-weather-service: ~			
- 005:53: /organization/natural-resources-conservation-service	ok	https://data-stage.globalchange.gov/organization/natural-resources-conservation-service	
  _check_uri: /organization/natural-resources-conservation-service		https://data-stage.globalchange.gov/organization/colorado-state-university	
  _name: Natural Resources Conservation Service, Colorado State University			
  _uri: ~			
  colorado-state-university: /organization/colorado-state-university			
  colorado-state-university-natural-resources-conservation-service: ~			
  natural-resources-conservation-service: /organization/natural-resources-conservation-service			
  natural-resources-conservation-service-colorado-state-university: ~			
- _name: Northwest Climate Science Center	updated	https://data-stage.globalchange.gov/organization/northwest-csc	
  _uri: ~			
  northwest-climate-science-center: ~			
- 019:20: /organization/us-department-energy-energy-incentive-programs	updated	https://data-stage.globalchange.gov/organization/us-department-energy-office-energy-efficiency-renewable-energy	
  _check_uri: /organization/oak-ridge-national-laboratory			
  _name: Oak Ridge National Laboratory			
  _uri: /organization/oak-ridge-national-laboratory			
  oak-ridge-national-laboratory: /organization/oak-ridge-national-laboratory			
- 019:20: /organization/us-department-energy-energy-incentive-programs	ok	https://data-stage.globalchange.gov/organization/us-department-energy-energy-incentive-programs	
  _check_uri: /organization/us-department-energy-energy-incentive-programs			
  _name: Office of Energy Efficiency & Renewable Energy			
  _uri: /organization/us-department-energy-energy-incentive-programs			
  eere: ~			
  eere-office-energy-efficiency-renewable-energy: ~			
  office-energy-efficiency-renewable-energy: ~			
  office-energy-efficiency-renewable-energy-eere: ~			
- _check_uri: /organization/federal-highway-administration	added	https://data-stage.globalchange.gov/organization/fhwa-office-planning	
  _name: Office of Interstate & Border Planning, HEPI-1 , US Department of Transportation, Federal Highway Administration			
  _uri: ~			
  federal-highway-administration: /organization/federal-highway-administration			
  hepi-1: ~			
  office-interstate-border-planning: ~			
  us-department-transportation: /organization/us-department-transportation			
- _name: Office of the Assistant Secretary for Research and Technology/Bureau of Transportation Statistics	added	https://data-stage.globalchange.gov/organization/dot-office-assistant-secretary-research-technology	
  _uri: ~			
  bureau-transportation-statistics: ~			
  bureau-transportation-statistics-office-the-assistant-secretary-research-technology: ~			
  office-the-assistant-secretary-research-technology: ~			
  office-the-assistant-secretary-research-technology-bureau-transportation-statistics: ~			
- _name: Office of the Assistant Secretary for Research and Technology/Bureau of Transportation Statistics (BTS)	ok	https://data-stage.globalchange.gov/organization/bureau-transportation-statistics	
  _uri: ~			
  bts: ~			
  bureau-transportation-statistics: ~			
  office-the-assistant-secretary-research-technology: ~			
- _name: Oregon State University	ok	https://data-stage.globalchange.gov/organization/oregon-state-university	
  _uri: /organization/oregon-state-university			
  oregon-state-university: /organization/oregon-state-university			
- 021:50: /organization/us-department-transportation-pipeline-hazardous-materials-safety-administration	ok	https://data-stage.globalchange.gov/organization/us-department-transportation-pipeline-hazardous-materials-safety-administration	
  _check_uri: /organization/us-department-transportation-pipeline-hazardous-materials-safety-administration			
  _name: Pipeline and Hazardous Materials Safety Administration			
  _uri: ~			
  pipeline-hazardous-materials-safety-administration: ~			
- 021:53: ~	updated	https://data-stage.globalchange.gov/organization/us-department-transportation-research-innovative-technology-administration	
  _name: Research and Innovative Technology Administration			
  _uri: /organization/us-department-transportation-research-innovative-technology-administration			
  research-innovative-technology-administration: ~			
- _check_uri: /organization/us-department-energy	ok	https://data-stage.globalchange.gov/organization/us-bureau-reclamation	
  _name: Santa Clara U., U.S. Bureau of Reclamation, U.S. Dept. of Energy		https://data-stage.globalchange.gov/organization/us-department-energy	
  _uri: ~		https://data-stage.globalchange.gov/organization/santa-clara-university	
  santa-clara-u.: ~			
  us-bureau-reclamation: /organization/us-bureau-reclamation			
  us-department-energy: /organization/us-department-energy			
- _name: Spatial Climate Analysis Service	added	https://data-stage.globalchange.gov/organization/prism-climate-group	
  _uri: ~		*now known as the PRISM Climate Group	
  spatial-climate-analysis-service: ~			
- 009:30: /organization/us-department-health-human-services-substance-abuse-mental-health-services-administration	ok	https://data-stage.globalchange.gov/organization/us-department-health-human-services-substance-abuse-mental-health-services-administration	
  _check_uri: /organization/us-department-health-human-services-substance-abuse-mental-health-services-administration			
  _name: Substance Abuse & Mental Health Services Administration			
  _uri: /organization/us-department-health-human-services-substance-abuse-mental-health-services-administration			
  substance-abuse-mental-health-services-administration: ~			
- _name: Texas Tech University	ok	https://data-stage.globalchange.gov/organization/texas-tech-university	
  _uri: /organization/texas-tech-university			
  texas-tech-university: /organization/texas-tech-university			
- _name: The Wilderness Society	added	https://data-stage.globalchange.gov/organization/wilderness-society	
  _uri: ~			
  the-wilderness-society: ~			
- 019:20: /organization/us-department-energy-energy-incentive-programs	updated	https://data-stage.globalchange.gov/organization/us-department-energy-energy-incentive-programs	
  _check_uri: /organization/us-department-energy			
  _name: U.S. Department of Energy (DOE)			
  _uri: /organization/us-department-energy-energy-incentive-programs			
  doe: /organization/us-department-energy			
  doe-us-department-energy: ~			
  us-department-energy: /organization/us-department-energy			
  us-department-energy-doe: ~			
- 019:20: /organization/us-department-energy-energy-incentive-programs	updated	https://data-stage.globalchange.gov/organization/us-energy-information-administration	
  _check_uri: /organization/us-energy-information-administration			
  _name: U.S. Energy Information Administration			
  _uri: /organization/us-energy-information-administration			
  us-energy-information-administration: /organization/us-energy-information-administration			
- 019:20: /organization/us-department-energy-energy-incentive-programs	updated	https://data-stage.globalchange.gov/organization/us-energy-information-administration	
  _check_uri: /organization/us-energy-information-administration			
  _name: U.S. Energy Information Administration (EIA)			
  _uri: /organization/us-energy-information-administration			
  eia: /organization/us-energy-information-administration			
  eia-us-energy-information-administration: ~			
  us-energy-information-administration: /organization/us-energy-information-administration			
  us-energy-information-administration-eia: ~			
- _check_uri: /organization/us-environmental-protection-agency	added	https://data-stage.globalchange.gov/organization/epa-office-enforcement-compliance-assurance	
  _name: U.S. Environmental Protection Agency, Office of Enforcement and Compliance Assurance-Office of Compliance			
  _uri: ~			
  office-enforcement-compliance-assurance-office-compliance: ~			
  office-enforcement-compliance-assurance-office-compliance-us-environmental-protection-agency: ~			
  us-environmental-protection-agency: /organization/us-environmental-protection-agency			
  us-environmental-protection-agency-office-enforcement-compliance-assurance-office-compliance: ~			
- _check_uri: /organization/us-environmental-protection-agency	added	https://data-stage.globalchange.gov/organization/epa-office-sustainable-communities	
  _name: U.S. Environmental Protection Agency, Office of Sustainable Communities			
  _uri: ~			
  office-sustainable-communities: ~			
  office-sustainable-communities-us-environmental-protection-agency: ~			
  us-environmental-protection-agency: /organization/us-environmental-protection-agency			
  us-environmental-protection-agency-office-sustainable-communities: ~			
- _check_uri: /organization/us-environmental-protection-agency	added	https://data-stage.globalchange.gov/organization/epa-office-environmental-information	
  _name: U.S. Environmental Protection Agency,Office of Environmental Information			
  _uri: ~			
  office-environmental-information: ~			
  office-environmental-information-us-environmental-protection-agency: ~			
  us-environmental-protection-agency: /organization/us-environmental-protection-agency			
  us-environmental-protection-agency-office-environmental-information: ~			
- 010:18: /organization/us-fish-wildlife-service	ok	https://data-stage.globalchange.gov/organization/us-fish-wildlife-service	
  _name: U.S. Fish and Wildlife Service			
  _uri: /organization/us-fish-wildlife-service			
  us-fish-wildlife-service: /organization/us-fish-wildlife-service			
- _check_uri: /organization/us-forest-service	updated	https://data-stage.globalchange.gov/organization/us-forest-service-southern-research-station	
  _name: U.S. Forest Service, Southern Research Station			
  _uri: /organization/us-forest-service-southern-research-station			
  southern-research-station: ~			
  southern-research-station-us-forest-service: ~			
  us-forest-service: /organization/us-forest-service			
  us-forest-service-southern-research-station: /organization/us-forest-service-southern-research-station			
- _name: U.S. Geological Survey	ok	https://data-stage.globalchange.gov/organization/us-geological-survey	
  _uri: /organization/us-geological-survey			
  us-geological-survey: /organization/us-geological-survey			
- _check_uri: /organization/us-geological-survey			
  _name: U.S. Geological Survey - Alaska Science Center	updated	http://data-stage.globalchange.gov/organization/united-states-geological-survey-alaska-science-center	
  _uri: ~			
  alaska-science-center: ~			
  alaska-science-center-us-geological-survey: ~			
  us-geological-survey: /organization/us-geological-survey			
  us-geological-survey-alaska-science-center: ~			
- _check_uri: /organization/us-geological-survey	ok	https://data-stage.globalchange.gov/organization/oregon-state-college-oceanic-atmospheric-sciences	
  _name: U.S. Geological Survey / College of Oceanic and Atmospheric Sciences, Oregon State University			
  _uri: /organization/oregon-state-college-oceanic-atmospheric-sciences			
  college-oceanic-atmospheric-sciences: ~			
  oregon-state-university: /organization/oregon-state-university			
  us-geological-survey: /organization/us-geological-survey			
- _name: U.S. Geological Survey Earth Resources Observation and Science (EROS) Center	updated	https://data-stage.globalchange.gov/organization/earth-resources-observation-science-center	
  _uri: /organization/earth-resources-observation-science-center			
  center: ~			
  eros: ~			
  us-geological-survey-earth-resources-observation-science: ~			
- _name: U.S. Geological Survey Gap Analysis Program	added	https://data-stage.globalchange.gov/organization/usgs-national-gap-analysis-program	
  _uri: ~			
  us-geological-survey-gap-analysis-program: ~			
- _check_uri: /organization/us-geological-survey	Added	https://data-stage.globalchange.gov/organization/usgs-climate-land-use-change	
  _name: U.S. Geological Survey, CLIMATE & LAND-USE			
  _uri: ~			
  climate-land-use: ~			
  climate-land-use-us-geological-survey: ~			
  us-geological-survey: /organization/us-geological-survey			
  us-geological-survey-climate-land-use: ~			
- _check_uri: /organization/us-geological-survey	Added	https://data-stage.globalchange.gov/organization/usgs-central-energy-resources-science-center	
  _name: U.S. Geological Survey, Central Energy Resource Team			
  _uri: ~			
  central-energy-resource-team: ~			
  central-energy-resource-team-us-geological-survey: ~			
  us-geological-survey: /organization/us-geological-survey			
  us-geological-survey-central-energy-resource-team: ~			
- _check_uri: /organization/us-geological-survey	Added	https://data-stage.globalchange.gov/organization/usgs-central-energy-resources-science-center	
  _name: U.S. Geological Survey, Central Energy Resources Science Center			
  _uri: ~			
  central-energy-resources-science-center: ~			
  central-energy-resources-science-center-us-geological-survey: ~			
  us-geological-survey: /organization/us-geological-survey			
  us-geological-survey-central-energy-resources-science-center: ~			
- _check_uri: /organization/us-geological-survey	Added	https://data-stage.globalchange.gov/organization/usgs-central-energy-resources-science-center	
  _name: U.S. Geological Survey, Central Energy Resources Team			
  _uri: ~			
  central-energy-resources-team: ~			
  central-energy-resources-team-us-geological-survey: ~			
  us-geological-survey: /organization/us-geological-survey			
  us-geological-survey-central-energy-resources-team: ~			
- _check_uri: /organization/us-geological-survey	Added	https://data-stage.globalchange.gov/organization/usgs-indiana-water-science-center	
  _name: U.S. Geological Survey, Indiana Water Science Center			
  _uri: ~			
  indiana-water-science-center: ~			
  indiana-water-science-center-us-geological-survey: ~			
  us-geological-survey: /organization/us-geological-survey			
  us-geological-survey-indiana-water-science-center: ~			
- _check_uri: /organization/us-geological-survey	ok	http://data-stage.globalchange.gov/organization/patuxent-wildlife-research-center	
  _name: U.S. Geological Survey, Patuxent Wildlife Research Center			
  _uri: ~			
  patuxent-wildlife-research-center: ~			
  patuxent-wildlife-research-center-us-geological-survey: ~			
  us-geological-survey: /organization/us-geological-survey			
  us-geological-survey-patuxent-wildlife-research-center: ~			
- _check_uri: /organization/university-new-hampshire	Added	https://data-stage.globalchange.gov/organization/unh-center-coastal-ocean-mapping-joint-hydrographic-center	
  _name: 'UNH/CCOM-JHC : Center for Coastal and Ocean Mapping/Joint Hydrographic Center, University of New Hampshire'			
  _uri: ~			
  ccom-jhc: ~			
  center-coastal-ocean-mapping: ~			
  joint-hydrographic-center: ~			
  unh: ~			
  university-new-hampshire: /organization/university-new-hampshire			
- _check_uri: /organization/us-army-corps-engineers	updated	https://data-stage.globalchange.gov/organization/us-army-corps-engineers	
  _name: US Army Corps of Engineers (USACE)			
  _uri: /organization/us-army-corps-engineers			
  us-army-corps-engineers: /organization/us-army-corps-engineers			
  us-army-corps-engineers-usace: ~			
  usace: ~			
  usace-us-army-corps-engineers: ~			
- 025:06: /organization/us-department-housing-urban-development-community-planning-development	updated	https://data-stage.globalchange.gov/organization/us-department-housing-office-urban-development-community-planning-development	
  _check_uri: /organization/us-department-housing-urban-development-community-planning-development			
  _name: US Bureau of the Census			
  _uri: ~			
  us-bureau-the-census: ~			
- 025:06: /organization/us-department-housing-urban-development-community-planning-development	updated	https://data-stage.globalchange.gov/organization/us-department-housing-office-urban-development-community-planning-development	
  _check_uri: /organization/us-department-housing-urban-development			
  _name: US Department of Housing and Urban Development			
  _uri: ~			
  us-department-housing-urban-development: /organization/us-department-housing-urban-development			
- _check_uri: /organization/us-environmental-protection-agency	updated	https://data-stage.globalchange.gov/organization/us-environmental-protection-agency	
  _name: US Environmental Protection Agency, Research Triangle Park			
  _uri: ~			
  research-triangle-park: ~			
  research-triangle-park-us-environmental-protection-agency: ~			
  us-environmental-protection-agency: /organization/us-environmental-protection-agency			
  us-environmental-protection-agency-research-triangle-park: ~			
- _name: US Gelogical Survey	probably an error	(not found)	
  _uri: ~			
  us-gelogical-survey: ~			
- _name: US Geological Survey Core Science Analytics and Synthesis Program			
  _uri: ~			
  us-geological-survey-core-science-analytics-synthesis-program: ~			
- _check_uri: /organization/us-geological-survey	ok	http://data-stage.globalchange.gov/organization/us-geological-survey-geosciences-environmental-change-science-center:	
  _name: US Geological Survey, Geosciences and Environmental Change Science Center			
  _uri: ~			
  geosciences-environmental-change-science-center: ~			
  geosciences-environmental-change-science-center-us-geological-survey: ~			
  us-geological-survey: /organization/us-geological-survey			
  us-geological-survey-geosciences-environmental-change-science-center: ~			
- _check_uri: /organization/us-geological-survey	Added	https://data-stage.globalchange.gov/organization/usgs-maryland-delaware-dc-water-science-center	
  _name: US Geological Survey, Maryland Water Science Center			
  _uri: ~			
  maryland-water-science-center: ~			
  maryland-water-science-center-us-geological-survey: ~			
  us-geological-survey: /organization/us-geological-survey			
  us-geological-survey-maryland-water-science-center: ~			
- _name: US National Oceanographic Data Center	ok	http://data-stage.globalchange.gov/organization/national-oceanographic-data-center	
  _uri: ~			
  us-national-oceanographic-data-center: ~			
- 005:13: /organization/economic-research-service	updated	https://data-stage.globalchange.gov/organization/economic-research-service	
  _check_uri: /organization/economic-research-service			
  _name: USDA Economic Research Service			
  _uri: /organization/economic-research-service			
  usda-economic-research-service: ~			
- _check_uri: /organization/us-forest-service-rocky-mountain-research-station	added	https://data-stage.globalchange.gov/organization/us-forest-service-rocky-mountain-research-station	
  _name: USDA Forest Service, Rocky Mountain Research Station, Aldo Leopold Wilderness		https://data-stage.globalchange.gov/organization/aldo-leopold-wilderness-research-institute	
    Research Institute			
  _uri: /organization/us-forest-service-rocky-mountain-research-station			
  aldo-leopold-wilderness-research-institute: ~			
  rocky-mountain-research-station: /organization/us-forest-service-rocky-mountain-research-station			
  usda-forest-service: ~			
- _name: USDOT FRA	ok	https://data-stage.globalchange.gov/organization/federal-railroad-administration	
  _uri: ~			
  usdot-fra: ~			
- _name: USDOT/FRA	ok	https://data-stage.globalchange.gov/organization/federal-railroad-administration	
  _uri: ~			
  fra: ~			
  fra-usdot: ~			
  usdot: ~			
  usdot-fra: ~			
- _name: USGS	ok	https://data-stage.globalchange.gov/organization/us-geological-survey	
  _uri: /organization/us-geological-survey			
  usgs: /organization/us-geological-survey			
- _name: USGS Center for Integrated Data Analytics	added	http://data-stage.globalchange.gov/organization/us-geological-survey-center-integrated-data-analytics	
  _uri: ~			
  usgs-center-integrated-data-analytics: ~			
- 005:13: /organization/economic-research-service	updated	https://data-stage.globalchange.gov/organization/economic-research-service	
  _check_uri: /organization/us-department-agriculture			
  _name: United States Department of Agriculture			
  _uri: /organization/economic-research-service			
  us-department-agriculture: /organization/us-department-agriculture			
- _name: United States Geological Survey	ok	https://data-stage.globalchange.gov/organization/us-geological-survey	
  _uri: /organization/us-geological-survey			
  us-geological-survey: /organization/us-geological-survey			
- _check_uri: /organization/us-geological-survey	added	https://data-stage.globalchange.gov/organization/usgs-aquatic-gap-analysis-program	
  _name: United States Geological Survey, Aquatic GAP Analysis Program			
  _uri: ~			
  aquatic-gap-analysis-program: ~			
  aquatic-gap-analysis-program-us-geological-survey: ~			
  us-geological-survey: /organization/us-geological-survey			
  us-geological-survey-aquatic-gap-analysis-program: ~			
- _name: University of Alaska Fairbanks	ok	https://data-stage.globalchange.gov/organization/university-alaska-fairbanks	
  _uri: /organization/university-alaska-fairbanks			
  university-alaska-fairbanks: /organization/university-alaska-fairbanks			
- _name: University of Idaho	ok	https://data-stage.globalchange.gov/organization/university-idaho	
  _uri: /organization/university-idaho			
  university-idaho: /organization/university-idaho			
- _name: Varies, see http://gdo-dcp.ucllnl.org/downscaled_cmip_projections/	not sure whether this belongs as an org		
  _uri: ~			
  downscaled_cmip_projections: ~			
  gdo-dcp.ucllnl.org: ~			
  see-http: ~			
  varies: ~			
- _name: Waterborne Commerce Statistics Center	added	http://data-stage.globalchange.gov/organization/us-army-corp-engineers-waterborne-commerce-statistics-center	
  _uri: ~			
  waterborne-commerce-statistics-center: ~			
- _name: Woods Hole Oceanographic Institution	ok	https://data-stage.globalchange.gov/organization/woods-hole-oceanographic-institution	
  _uri: /organization/woods-hole-oceanographic-institution			
  woods-hole-oceanographic-institution: /organization/woods-hole-oceanographic-institution			
- 009:00: /organization/us-department-health-human-services	ok	https://data-stage.globalchange.gov/organization/us-department-health-human-services	
  _check_uri: /organization/us-department-health-human-services			
  _name: data.cdc.gov			
  _uri: ~			
  data.cdc.gov: ~			